{
    "author": "Kalles",
    "logo": "https:\/\/cdn.shopify.com\/s\/files\/1\/0332\/6420\/5963\/files\/kalles.svg",
    "website": "https:\/\/your-site.com?utm_source=ecomposer",
    "elements": {
      "test": {
        "types": [
          "home",
          "product",
          "page",
          "section",
          "quickview"
        ],
        "name": "test",
        "title": "Test",
        "file": "Test.ecom.liquid",
        "icon": "<svg xmlns=\"http:\/\/www.w3.org\/2000\/svg\" fill=\"none\" viewBox=\"0 0 24 24\" stroke=\"currentColor\"> <path stroke-linecap=\"round\" stroke-linejoin=\"round\" stroke-width=\"2\" d=\"M4 16l4.586-4.586a2 2 0 012.828 0L16 16m-2-2l1.586-1.586a2 2 0 012.828 0L20 14m-6-6h.01M6 20h12a2 2 0 002-2V6a2 2 0 00-2-2H6a2 2 0 00-2 2v12a2 2 0 002 2z\" \/> <\/svg>",
        "category": [
          "theme"
        ],
        "data": {
          "title": "Test element",
          "settings": {
            "title": "Hello"
          }
        }
      },
      "bannercustom": {
        "types": [
          "home",
          "product",
          "page",
          "section"
        ],
        "name": "bannercustom",
        "title": "Banner Custom",
        "file": "BannerCustom.ecom.liquid",
        "icon": "<svg xmlns=\"http:\/\/www.w3.org\/2000\/svg\" class=\"h-6 w-6\" fill=\"none\" viewBox=\"0 0 24 24\" stroke=\"currentColor\" stroke-width=\"2\"><path stroke-linecap=\"round\" stroke-linejoin=\"round\" d=\"M4 16l4.586-4.586a2 2 0 012.828 0L16 16m-2-2l1.586-1.586a2 2 0 012.828 0L20 14m-6-6h.01M6 20h12a2 2 0 002-2V6a2 2 0 00-2-2H6a2 2 0 00-2 2v12a2 2 0 002 2z\" \/><\/svg>",
        "category": [
          "theme"
        ],
        "data": {
          "title": "Banner custom",
          "settings": {}
        }
      },
      "kallesheading": {
        "types": [
          "home",
          "product",
          "page",
          "section"
        ],
        "name": "kallesheading",
        "title": "Heading",
        "file": "Heading.ecom.liquid",
        "icon": "<svg viewBox=\"0 0 20 20\" fill=\"none\" stroke=\"currentColor\" stroke-width=\"1.5\"><path d=\"M3 2a1 1 0 0 0-1 1v3a1 1 0 0 0 2 0 2 2 0 0 1 2-2h2v10.999A1 1 0 0 1 7 16h-.001A1 1 0 0 0 7 18h6a1 1 0 1 0 0-2 1 1 0 0 1-1-1V4h2a2 2 0 0 1 2 2 1 1 0 1 0 2 0V3a1 1 0 0 0-1-1H3z\"></path></svg>",
        "category": [
          "theme"
        ],
        "data": {
          "title": "Heading",
          "settings": {}
        }
      }
    }
  }